# RLP Evaluation Results - RainDS_syn,,,
# Model:,Uformer_T_RLP_RPIM,,
# Date:,22-02-2026 04:56,,
,,,
# Summary,,,
Total Images,600,,
Failed,0,,
Average PSNR (dB),20.2807,,
Average SSIM,0.6775,,
,,,
# Per-Image Results,,,
Image Name,GT Name,PSNR (dB),SSIM
raindrop_pie-rd-100.png,pie-norain-100.png,19.4037,0.7509
raindrop_pie-rd-104.png,pie-norain-104.png,19.6149,0.7599
raindrop_pie-rd-108.png,pie-norain-108.png,19.961,0.7485
raindrop_pie-rd-109.png,pie-norain-109.png,19.0749,0.741
raindrop_pie-rd-110.png,pie-norain-110.png,20.3127,0.749
raindrop_pie-rd-113.png,pie-norain-113.png,18.702,0.7567
raindrop_pie-rd-118.png,pie-norain-118.png,18.786,0.7603
raindrop_pie-rd-124.png,pie-norain-124.png,18.1841,0.7543
raindrop_pie-rd-128.png,pie-norain-128.png,18.3524,0.7564
raindrop_pie-rd-138.png,pie-norain-138.png,20.43,0.7442
raindrop_pie-rd-143.png,pie-norain-143.png,20.3863,0.7571
raindrop_pie-rd-163.png,pie-norain-163.png,18.0974,0.7609
raindrop_pie-rd-173.png,pie-norain-173.png,18.5869,0.7604
raindrop_pie-rd-174.png,pie-norain-174.png,18.9671,0.7643
raindrop_pie-rd-180.png,pie-norain-180.png,19.5099,0.7689
raindrop_pie-rd-182.png,pie-norain-182.png,18.591,0.7556
raindrop_pie-rd-19.png,pie-norain-19.png,22.1588,0.797
raindrop_pie-rd-212.png,pie-norain-212.png,18.8984,0.7617
raindrop_pie-rd-213.png,pie-norain-213.png,18.8684,0.76
raindrop_pie-rd-216.png,pie-norain-216.png,18.9625,0.753
raindrop_pie-rd-223.png,pie-norain-223.png,18.5964,0.7483
raindrop_pie-rd-225.png,pie-norain-225.png,18.6385,0.7474
raindrop_pie-rd-228.png,pie-norain-228.png,19.1767,0.7535
raindrop_pie-rd-229.png,pie-norain-229.png,19.1513,0.7508
raindrop_pie-rd-234.png,pie-norain-234.png,21.4933,0.8037
raindrop_pie-rd-236.png,pie-norain-236.png,21.523,0.8053
raindrop_pie-rd-237.png,pie-norain-237.png,21.3072,0.8074
raindrop_pie-rd-264.png,pie-norain-264.png,22.2136,0.8549
raindrop_pie-rd-268.png,pie-norain-268.png,22.2302,0.8466
raindrop_pie-rd-28.png,pie-norain-28.png,22.3254,0.8033
raindrop_pie-rd-299.png,pie-norain-299.png,22.0157,0.8396
raindrop_pie-rd-306.png,pie-norain-306.png,22.026,0.8318
raindrop_pie-rd-308.png,pie-norain-308.png,22.4596,0.8379
raindrop_pie-rd-311.png,pie-norain-311.png,23.2189,0.8619
raindrop_pie-rd-313.png,pie-norain-313.png,23.1013,0.8619
raindrop_pie-rd-323.png,pie-norain-323.png,22.7506,0.8193
raindrop_pie-rd-326.png,pie-norain-326.png,22.8553,0.8267
raindrop_pie-rd-332.png,pie-norain-332.png,23.0344,0.8178
raindrop_pie-rd-343.png,pie-norain-343.png,24.1529,0.8361
raindrop_pie-rd-344.png,pie-norain-344.png,22.948,0.8255
raindrop_pie-rd-349.png,pie-norain-349.png,23.3257,0.8398
raindrop_pie-rd-35.png,pie-norain-35.png,21.8765,0.7956
raindrop_pie-rd-353.png,pie-norain-353.png,22.9905,0.8324
raindrop_pie-rd-355.png,pie-norain-355.png,23.1146,0.8173
raindrop_pie-rd-36.png,pie-norain-36.png,21.9069,0.7966
raindrop_pie-rd-37.png,pie-norain-37.png,22.0463,0.8002
raindrop_pie-rd-374.png,pie-norain-374.png,20.7507,0.749
raindrop_pie-rd-380.png,pie-norain-380.png,22.3863,0.7797
raindrop_pie-rd-381.png,pie-norain-381.png,21.05,0.7627
raindrop_pie-rd-383.png,pie-norain-383.png,21.378,0.7655
raindrop_pie-rd-389.png,pie-norain-389.png,21.5511,0.793
raindrop_pie-rd-391.png,pie-norain-391.png,21.2343,0.788
raindrop_pie-rd-393.png,pie-norain-393.png,20.6862,0.7792
raindrop_pie-rd-4.png,pie-norain-4.png,21.164,0.7568
raindrop_pie-rd-406.png,pie-norain-406.png,20.088,0.7778
raindrop_pie-rd-408.png,pie-norain-408.png,20.0702,0.7793
raindrop_pie-rd-416.png,pie-norain-416.png,20.8694,0.7869
raindrop_pie-rd-418.png,pie-norain-418.png,21.3723,0.7974
raindrop_pie-rd-424.png,pie-norain-424.png,20.2672,0.7391
raindrop_pie-rd-43.png,pie-norain-43.png,22.0094,0.795
raindrop_pie-rd-431.png,pie-norain-431.png,20.3564,0.7384
raindrop_pie-rd-439.png,pie-norain-439.png,19.4599,0.7271
raindrop_pie-rd-445.png,pie-norain-445.png,20.1284,0.738
raindrop_pie-rd-447.png,pie-norain-447.png,19.7154,0.7323
raindrop_pie-rd-449.png,pie-norain-449.png,20.6973,0.7496
raindrop_pie-rd-453.png,pie-norain-453.png,20.254,0.7503
raindrop_pie-rd-460.png,pie-norain-460.png,19.6151,0.7445
raindrop_pie-rd-461.png,pie-norain-461.png,18.9151,0.7239
raindrop_pie-rd-482.png,pie-norain-482.png,19.3329,0.7319
raindrop_pie-rd-483.png,pie-norain-483.png,19.383,0.7382
raindrop_pie-rd-487.png,pie-norain-487.png,19.2067,0.7464
raindrop_pie-rd-501.png,pie-norain-501.png,19.7571,0.7401
raindrop_pie-rd-507.png,pie-norain-507.png,21.2038,0.7766
raindrop_pie-rd-510.png,pie-norain-510.png,20.0762,0.7579
raindrop_pie-rd-513.png,pie-norain-513.png,20.5633,0.7744
raindrop_pie-rd-518.png,pie-norain-518.png,19.7316,0.7298
raindrop_pie-rd-535.png,pie-norain-535.png,20.1318,0.7559
raindrop_pie-rd-544.png,pie-norain-544.png,19.874,0.7503
raindrop_pie-rd-549.png,pie-norain-549.png,19.4323,0.7502
raindrop_pie-rd-555.png,pie-norain-555.png,20.0246,0.7302
raindrop_pie-rd-560.png,pie-norain-560.png,20.6911,0.7496
raindrop_pie-rd-561.png,pie-norain-561.png,20.2084,0.7062
raindrop_pie-rd-564.png,pie-norain-564.png,20.6228,0.7131
raindrop_pie-rd-565.png,pie-norain-565.png,20.6617,0.7141
raindrop_pie-rd-566.png,pie-norain-566.png,20.6254,0.7127
raindrop_pie-rd-567.png,pie-norain-567.png,20.593,0.7134
raindrop_pie-rd-572.png,pie-norain-572.png,19.7491,0.7051
raindrop_pie-rd-580.png,pie-norain-580.png,19.8008,0.7021
raindrop_pie-rd-586.png,pie-norain-586.png,20.4539,0.7056
raindrop_pie-rd-594.png,pie-norain-594.png,20.2608,0.7208
raindrop_pie-rd-598.png,pie-norain-598.png,20.0059,0.7135
raindrop_pie-rd-599.png,pie-norain-599.png,20.0275,0.7146
raindrop_pie-rd-64.png,pie-norain-64.png,20.9138,0.7731
raindrop_pie-rd-72.png,pie-norain-72.png,19.9106,0.7313
raindrop_pie-rd-77.png,pie-norain-77.png,20.304,0.7509
raindrop_pie-rd-79.png,pie-norain-79.png,21.8093,0.7661
raindrop_pie-rd-8.png,pie-norain-8.png,21.111,0.7604
raindrop_pie-rd-83.png,pie-norain-83.png,20.784,0.7616
raindrop_pie-rd-84.png,pie-norain-84.png,20.8474,0.7637
raindrop_pie-rd-98.png,pie-norain-98.png,19.7078,0.7563
raindrop_rd-108.png,norain-108.png,20.7383,0.6935
raindrop_rd-153.png,norain-153.png,19.7038,0.7903
raindrop_rd-16.png,norain-16.png,20.6583,0.7441
raindrop_rd-160.png,norain-160.png,19.7621,0.7926
raindrop_rd-161.png,norain-161.png,19.7344,0.7935
raindrop_rd-162.png,norain-162.png,19.6919,0.7928
raindrop_rd-163.png,norain-163.png,19.7012,0.7904
raindrop_rd-164.png,norain-164.png,19.3701,0.787
raindrop_rd-165.png,norain-165.png,19.5892,0.7861
raindrop_rd-166.png,norain-166.png,19.7638,0.7913
raindrop_rd-167.png,norain-167.png,19.5041,0.7956
raindrop_rd-168.png,norain-168.png,19.3692,0.796
raindrop_rd-169.png,norain-169.png,19.3649,0.7939
raindrop_rd-180.png,norain-180.png,19.5065,0.7933
raindrop_rd-2.png,norain-2.png,24.9998,0.8354
raindrop_rd-203.png,norain-203.png,19.3281,0.7669
raindrop_rd-237.png,norain-237.png,18.804,0.7643
raindrop_rd-256.png,norain-256.png,20.7996,0.7947
raindrop_rd-260.png,norain-260.png,18.8094,0.8111
raindrop_rd-261.png,norain-261.png,18.9436,0.7997
raindrop_rd-262.png,norain-262.png,20.0744,0.7884
raindrop_rd-263.png,norain-263.png,19.5679,0.7862
raindrop_rd-264.png,norain-264.png,20.4397,0.7936
raindrop_rd-265.png,norain-265.png,21.1514,0.8009
raindrop_rd-266.png,norain-266.png,20.9428,0.7957
raindrop_rd-267.png,norain-267.png,21.1353,0.795
raindrop_rd-268.png,norain-268.png,20.2818,0.7798
raindrop_rd-269.png,norain-269.png,19.5803,0.7734
raindrop_rd-274.png,norain-274.png,18.8036,0.766
raindrop_rd-305.png,norain-305.png,19.1723,0.7586
raindrop_rd-317.png,norain-317.png,19.1655,0.7552
raindrop_rd-318.png,norain-318.png,19.1509,0.7547
raindrop_rd-354.png,norain-354.png,18.0239,0.7444
raindrop_rd-360.png,norain-360.png,18.5504,0.7636
raindrop_rd-361.png,norain-361.png,18.806,0.7693
raindrop_rd-362.png,norain-362.png,19.7564,0.7718
raindrop_rd-363.png,norain-363.png,19.2133,0.7644
raindrop_rd-364.png,norain-364.png,18.8346,0.7656
raindrop_rd-365.png,norain-365.png,18.5646,0.7658
raindrop_rd-366.png,norain-366.png,18.0891,0.752
raindrop_rd-367.png,norain-367.png,18.1508,0.751
raindrop_rd-368.png,norain-368.png,17.8323,0.7359
raindrop_rd-369.png,norain-369.png,17.905,0.7356
raindrop_rd-377.png,norain-377.png,19.4011,0.7508
raindrop_rd-395.png,norain-395.png,17.0351,0.709
raindrop_rd-425.png,norain-425.png,19.4627,0.7762
raindrop_rd-436.png,norain-436.png,18.9981,0.7908
raindrop_rd-487.png,norain-487.png,20.5955,0.8012
raindrop_rd-488.png,norain-488.png,19.732,0.7811
raindrop_rd-489.png,norain-489.png,18.3722,0.7497
raindrop_rd-490.png,norain-490.png,18.6419,0.7438
raindrop_rd-491.png,norain-491.png,20.3472,0.8077
raindrop_rd-492.png,norain-492.png,20.0753,0.7873
raindrop_rd-493.png,norain-493.png,19.4438,0.7726
raindrop_rd-494.png,norain-494.png,18.4151,0.7453
raindrop_rd-495.png,norain-495.png,18.7172,0.7581
raindrop_rd-496.png,norain-496.png,19.5718,0.78
raindrop_rd-497.png,norain-497.png,20.8183,0.7917
raindrop_rd-498.png,norain-498.png,20.5849,0.7842
raindrop_rd-499.png,norain-499.png,20.7965,0.7937
raindrop_rd-50.png,norain-50.png,21.409,0.7297
raindrop_rd-500.png,norain-500.png,20.7939,0.7889
raindrop_rd-501.png,norain-501.png,20.0688,0.7498
raindrop_rd-502.png,norain-502.png,19.3995,0.7373
raindrop_rd-503.png,norain-503.png,19.4129,0.7432
raindrop_rd-504.png,norain-504.png,19.4563,0.7414
raindrop_rd-505.png,norain-505.png,19.4874,0.7499
raindrop_rd-506.png,norain-506.png,19.5548,0.7434
raindrop_rd-507.png,norain-507.png,19.7063,0.7499
raindrop_rd-508.png,norain-508.png,19.9773,0.7583
raindrop_rd-509.png,norain-509.png,20.3421,0.7753
raindrop_rd-510.png,norain-510.png,19.2487,0.759
raindrop_rd-511.png,norain-511.png,19.4807,0.7489
raindrop_rd-512.png,norain-512.png,18.6848,0.7509
raindrop_rd-513.png,norain-513.png,18.3406,0.7409
raindrop_rd-514.png,norain-514.png,18.2689,0.7381
raindrop_rd-515.png,norain-515.png,19.3758,0.7585
raindrop_rd-516.png,norain-516.png,18.8206,0.7511
raindrop_rd-517.png,norain-517.png,18.8939,0.7557
raindrop_rd-518.png,norain-518.png,18.5482,0.736
raindrop_rd-519.png,norain-519.png,20.5736,0.7788
raindrop_rd-520.png,norain-520.png,19.4639,0.752
raindrop_rd-521.png,norain-521.png,19.3831,0.7534
raindrop_rd-522.png,norain-522.png,20.4335,0.7738
raindrop_rd-523.png,norain-523.png,20.4049,0.7722
raindrop_rd-524.png,norain-524.png,20.3974,0.7706
raindrop_rd-525.png,norain-525.png,20.3951,0.7707
raindrop_rd-60.png,norain-60.png,19.7426,0.7198
raindrop_rd-61.png,norain-61.png,19.2281,0.7796
raindrop_rd-62.png,norain-62.png,18.7425,0.7586
raindrop_rd-63.png,norain-63.png,18.5623,0.7459
raindrop_rd-64.png,norain-64.png,18.856,0.7552
raindrop_rd-65.png,norain-65.png,18.7997,0.7573
raindrop_rd-66.png,norain-66.png,19.0629,0.7709
raindrop_rd-67.png,norain-67.png,18.5257,0.7748
raindrop_rd-68.png,norain-68.png,18.3022,0.7704
raindrop_rd-69.png,norain-69.png,17.8228,0.7562
raindrop_rd-70.png,norain-70.png,18.4915,0.7161
raindrop_rd-74.png,norain-74.png,18.3964,0.717
raindrop_rd-89.png,norain-89.png,21.2869,0.7607
rainstreak_pie-rain-100.png,pie-norain-100.png,21.0235,0.618
rainstreak_pie-rain-104.png,pie-norain-104.png,23.7318,0.7455
rainstreak_pie-rain-108.png,pie-norain-108.png,24.9835,0.8201
rainstreak_pie-rain-109.png,pie-norain-109.png,22.361,0.6693
rainstreak_pie-rain-110.png,pie-norain-110.png,20.6584,0.6336
rainstreak_pie-rain-113.png,pie-norain-113.png,22.4147,0.8003
rainstreak_pie-rain-118.png,pie-norain-118.png,21.6801,0.6977
rainstreak_pie-rain-124.png,pie-norain-124.png,21.5347,0.7196
rainstreak_pie-rain-128.png,pie-norain-128.png,19.7509,0.6544
rainstreak_pie-rain-138.png,pie-norain-138.png,23.323,0.7497
rainstreak_pie-rain-143.png,pie-norain-143.png,25.5151,0.7971
rainstreak_pie-rain-163.png,pie-norain-163.png,18.9403,0.6026
rainstreak_pie-rain-173.png,pie-norain-173.png,20.3479,0.6473
rainstreak_pie-rain-174.png,pie-norain-174.png,21.0553,0.6805
rainstreak_pie-rain-180.png,pie-norain-180.png,21.6262,0.6755
rainstreak_pie-rain-182.png,pie-norain-182.png,26.08,0.7734
rainstreak_pie-rain-19.png,pie-norain-19.png,20.9462,0.6295
rainstreak_pie-rain-212.png,pie-norain-212.png,19.7479,0.6103
rainstreak_pie-rain-213.png,pie-norain-213.png,19.6722,0.6414
rainstreak_pie-rain-216.png,pie-norain-216.png,19.9581,0.6153
rainstreak_pie-rain-223.png,pie-norain-223.png,20.4654,0.6321
rainstreak_pie-rain-225.png,pie-norain-225.png,21.3749,0.666
rainstreak_pie-rain-228.png,pie-norain-228.png,18.8766,0.5739
rainstreak_pie-rain-229.png,pie-norain-229.png,21.329,0.6713
rainstreak_pie-rain-234.png,pie-norain-234.png,21.2347,0.6404
rainstreak_pie-rain-236.png,pie-norain-236.png,19.2306,0.5918
rainstreak_pie-rain-237.png,pie-norain-237.png,22.3155,0.6735
rainstreak_pie-rain-264.png,pie-norain-264.png,23.47,0.7202
rainstreak_pie-rain-268.png,pie-norain-268.png,24.8171,0.8045
rainstreak_pie-rain-28.png,pie-norain-28.png,21.4958,0.6538
rainstreak_pie-rain-299.png,pie-norain-299.png,20.9168,0.6706
rainstreak_pie-rain-306.png,pie-norain-306.png,22.2351,0.7006
rainstreak_pie-rain-308.png,pie-norain-308.png,26.0221,0.8331
rainstreak_pie-rain-311.png,pie-norain-311.png,25.1099,0.8163
rainstreak_pie-rain-313.png,pie-norain-313.png,25.1485,0.8107
rainstreak_pie-rain-323.png,pie-norain-323.png,20.094,0.6872
rainstreak_pie-rain-326.png,pie-norain-326.png,21.2174,0.7098
rainstreak_pie-rain-332.png,pie-norain-332.png,21.9724,0.7311
rainstreak_pie-rain-343.png,pie-norain-343.png,21.1413,0.6738
rainstreak_pie-rain-344.png,pie-norain-344.png,21.0234,0.6851
rainstreak_pie-rain-349.png,pie-norain-349.png,22.0342,0.7121
rainstreak_pie-rain-35.png,pie-norain-35.png,23.1302,0.6976
rainstreak_pie-rain-353.png,pie-norain-353.png,23.4629,0.7538
rainstreak_pie-rain-355.png,pie-norain-355.png,24.4411,0.7985
rainstreak_pie-rain-36.png,pie-norain-36.png,25.4172,0.7537
rainstreak_pie-rain-37.png,pie-norain-37.png,22.715,0.6707
rainstreak_pie-rain-374.png,pie-norain-374.png,23.262,0.7926
rainstreak_pie-rain-380.png,pie-norain-380.png,22.0072,0.7202
rainstreak_pie-rain-381.png,pie-norain-381.png,23.5772,0.7483
rainstreak_pie-rain-383.png,pie-norain-383.png,22.2565,0.7158
rainstreak_pie-rain-389.png,pie-norain-389.png,20.187,0.6775
rainstreak_pie-rain-391.png,pie-norain-391.png,21.0655,0.7034
rainstreak_pie-rain-393.png,pie-norain-393.png,22.8555,0.7606
rainstreak_pie-rain-4.png,pie-norain-4.png,18.8446,0.5607
rainstreak_pie-rain-406.png,pie-norain-406.png,24.2375,0.7709
rainstreak_pie-rain-408.png,pie-norain-408.png,24.7052,0.7991
rainstreak_pie-rain-416.png,pie-norain-416.png,19.8848,0.6583
rainstreak_pie-rain-418.png,pie-norain-418.png,23.1165,0.7689
rainstreak_pie-rain-424.png,pie-norain-424.png,25.6257,0.7737
rainstreak_pie-rain-43.png,pie-norain-43.png,24.9536,0.7433
rainstreak_pie-rain-431.png,pie-norain-431.png,21.3657,0.7367
rainstreak_pie-rain-439.png,pie-norain-439.png,24.0533,0.7047
rainstreak_pie-rain-445.png,pie-norain-445.png,21.7504,0.6892
rainstreak_pie-rain-447.png,pie-norain-447.png,22.2412,0.6989
rainstreak_pie-rain-449.png,pie-norain-449.png,25.1176,0.7742
rainstreak_pie-rain-453.png,pie-norain-453.png,21.037,0.6307
rainstreak_pie-rain-460.png,pie-norain-460.png,20.7937,0.6146
rainstreak_pie-rain-461.png,pie-norain-461.png,24.6278,0.7958
rainstreak_pie-rain-482.png,pie-norain-482.png,20.8937,0.688
rainstreak_pie-rain-483.png,pie-norain-483.png,20.8968,0.6719
rainstreak_pie-rain-487.png,pie-norain-487.png,20.3001,0.656
rainstreak_pie-rain-501.png,pie-norain-501.png,23.8273,0.7702
rainstreak_pie-rain-507.png,pie-norain-507.png,19.9324,0.6046
rainstreak_pie-rain-510.png,pie-norain-510.png,21.0351,0.671
rainstreak_pie-rain-513.png,pie-norain-513.png,24.5047,0.7899
rainstreak_pie-rain-518.png,pie-norain-518.png,21.939,0.6382
rainstreak_pie-rain-535.png,pie-norain-535.png,20.6932,0.5669
rainstreak_pie-rain-544.png,pie-norain-544.png,22.9251,0.7643
rainstreak_pie-rain-549.png,pie-norain-549.png,22.6729,0.7764
rainstreak_pie-rain-555.png,pie-norain-555.png,20.6023,0.602
rainstreak_pie-rain-560.png,pie-norain-560.png,23.505,0.7024
rainstreak_pie-rain-561.png,pie-norain-561.png,20.9948,0.5718
rainstreak_pie-rain-564.png,pie-norain-564.png,23.3817,0.6947
rainstreak_pie-rain-565.png,pie-norain-565.png,23.4595,0.709
rainstreak_pie-rain-566.png,pie-norain-566.png,20.5797,0.5629
rainstreak_pie-rain-567.png,pie-norain-567.png,20.0525,0.5726
rainstreak_pie-rain-572.png,pie-norain-572.png,20.8135,0.5745
rainstreak_pie-rain-580.png,pie-norain-580.png,22.5294,0.6763
rainstreak_pie-rain-586.png,pie-norain-586.png,23.6342,0.7042
rainstreak_pie-rain-594.png,pie-norain-594.png,21.4564,0.603
rainstreak_pie-rain-598.png,pie-norain-598.png,22.5158,0.6559
rainstreak_pie-rain-599.png,pie-norain-599.png,25.6645,0.7787
rainstreak_pie-rain-64.png,pie-norain-64.png,23.2023,0.6735
rainstreak_pie-rain-72.png,pie-norain-72.png,18.4379,0.6411
rainstreak_pie-rain-77.png,pie-norain-77.png,20.3743,0.6749
rainstreak_pie-rain-79.png,pie-norain-79.png,20.7326,0.6289
rainstreak_pie-rain-8.png,pie-norain-8.png,18.1854,0.5354
rainstreak_pie-rain-83.png,pie-norain-83.png,26.1294,0.8061
rainstreak_pie-rain-84.png,pie-norain-84.png,26.8704,0.8377
rainstreak_pie-rain-98.png,pie-norain-98.png,19.501,0.5619
rainstreak_rain-108.png,norain-108.png,19.7733,0.6344
rainstreak_rain-153.png,norain-153.png,22.2808,0.816
rainstreak_rain-16.png,norain-16.png,20.1301,0.6293
rainstreak_rain-160.png,norain-160.png,21.9422,0.7473
rainstreak_rain-161.png,norain-161.png,22.1444,0.8008
rainstreak_rain-162.png,norain-162.png,21.6013,0.7538
rainstreak_rain-163.png,norain-163.png,22.2241,0.8093
rainstreak_rain-164.png,norain-164.png,22.4104,0.8262
rainstreak_rain-165.png,norain-165.png,22.4659,0.7532
rainstreak_rain-166.png,norain-166.png,22.0784,0.7496
rainstreak_rain-167.png,norain-167.png,22.7377,0.8102
rainstreak_rain-168.png,norain-168.png,21.3411,0.7488
rainstreak_rain-169.png,norain-169.png,21.2846,0.8201
rainstreak_rain-180.png,norain-180.png,23.5417,0.8402
rainstreak_rain-2.png,norain-2.png,22.2306,0.5596
rainstreak_rain-203.png,norain-203.png,24.9814,0.7564
rainstreak_rain-237.png,norain-237.png,20.4482,0.6752
rainstreak_rain-256.png,norain-256.png,25.7745,0.7832
rainstreak_rain-260.png,norain-260.png,20.5918,0.7739
rainstreak_rain-261.png,norain-261.png,22.7571,0.8528
rainstreak_rain-262.png,norain-262.png,23.658,0.7481
rainstreak_rain-263.png,norain-263.png,21.1151,0.6932
rainstreak_rain-264.png,norain-264.png,21.4667,0.6505
rainstreak_rain-265.png,norain-265.png,21.7896,0.6203
rainstreak_rain-266.png,norain-266.png,23.9776,0.668
rainstreak_rain-267.png,norain-267.png,19.4911,0.555
rainstreak_rain-268.png,norain-268.png,19.5532,0.5751
rainstreak_rain-269.png,norain-269.png,21.2995,0.674
rainstreak_rain-274.png,norain-274.png,20.5976,0.6717
rainstreak_rain-305.png,norain-305.png,19.3664,0.5768
rainstreak_rain-317.png,norain-317.png,21.0768,0.6606
rainstreak_rain-318.png,norain-318.png,21.1534,0.6602
rainstreak_rain-354.png,norain-354.png,24.3743,0.7967
rainstreak_rain-360.png,norain-360.png,21.3926,0.7475
rainstreak_rain-361.png,norain-361.png,21.1431,0.7405
rainstreak_rain-362.png,norain-362.png,19.4252,0.5999
rainstreak_rain-363.png,norain-363.png,20.0587,0.6347
rainstreak_rain-364.png,norain-364.png,18.9235,0.6
rainstreak_rain-365.png,norain-365.png,20.8866,0.7091
rainstreak_rain-366.png,norain-366.png,19.5504,0.625
rainstreak_rain-367.png,norain-367.png,19.9756,0.6688
rainstreak_rain-368.png,norain-368.png,21.57,0.7129
rainstreak_rain-369.png,norain-369.png,21.4693,0.6753
rainstreak_rain-377.png,norain-377.png,25.2062,0.7942
rainstreak_rain-395.png,norain-395.png,19.8561,0.6621
rainstreak_rain-425.png,norain-425.png,20.8535,0.6976
rainstreak_rain-436.png,norain-436.png,19.0625,0.6706
rainstreak_rain-487.png,norain-487.png,19.9344,0.5461
rainstreak_rain-488.png,norain-488.png,23.1054,0.7848
rainstreak_rain-489.png,norain-489.png,21.6307,0.7112
rainstreak_rain-490.png,norain-490.png,20.9615,0.6291
rainstreak_rain-491.png,norain-491.png,20.3073,0.5739
rainstreak_rain-492.png,norain-492.png,21.0718,0.5927
rainstreak_rain-493.png,norain-493.png,22.4856,0.6367
rainstreak_rain-494.png,norain-494.png,23.0646,0.7812
rainstreak_rain-495.png,norain-495.png,20.3704,0.6535
rainstreak_rain-496.png,norain-496.png,21.6439,0.6683
rainstreak_rain-497.png,norain-497.png,22.0599,0.5873
rainstreak_rain-498.png,norain-498.png,20.0062,0.5572
rainstreak_rain-499.png,norain-499.png,19.6944,0.5421
rainstreak_rain-50.png,norain-50.png,19.3767,0.6393
rainstreak_rain-500.png,norain-500.png,18.9573,0.5117
rainstreak_rain-501.png,norain-501.png,24.5727,0.6831
rainstreak_rain-502.png,norain-502.png,20.9673,0.6085
rainstreak_rain-503.png,norain-503.png,23.2314,0.6517
rainstreak_rain-504.png,norain-504.png,22.4863,0.5926
rainstreak_rain-505.png,norain-505.png,23.1863,0.6664
rainstreak_rain-506.png,norain-506.png,23.5278,0.6184
rainstreak_rain-507.png,norain-507.png,20.9178,0.5514
rainstreak_rain-508.png,norain-508.png,22.0231,0.5565
rainstreak_rain-509.png,norain-509.png,25.305,0.702
rainstreak_rain-510.png,norain-510.png,19.222,0.5181
rainstreak_rain-511.png,norain-511.png,21.5548,0.6225
rainstreak_rain-512.png,norain-512.png,22.8391,0.6224
rainstreak_rain-513.png,norain-513.png,23.9279,0.66
rainstreak_rain-514.png,norain-514.png,18.7972,0.5283
rainstreak_rain-515.png,norain-515.png,23.2966,0.6837
rainstreak_rain-516.png,norain-516.png,24.4693,0.6726
rainstreak_rain-517.png,norain-517.png,21.0545,0.5549
rainstreak_rain-518.png,norain-518.png,19.9701,0.6387
rainstreak_rain-519.png,norain-519.png,20.0556,0.6435
rainstreak_rain-520.png,norain-520.png,20.7719,0.5954
rainstreak_rain-521.png,norain-521.png,17.9643,0.5349
rainstreak_rain-522.png,norain-522.png,24.97,0.7026
rainstreak_rain-523.png,norain-523.png,23.3986,0.6661
rainstreak_rain-524.png,norain-524.png,23.0876,0.6589
rainstreak_rain-525.png,norain-525.png,19.9973,0.6066
rainstreak_rain-60.png,norain-60.png,21.3264,0.7112
rainstreak_rain-61.png,norain-61.png,21.7457,0.6672
rainstreak_rain-62.png,norain-62.png,22.0779,0.707
rainstreak_rain-63.png,norain-63.png,22.1269,0.732
rainstreak_rain-64.png,norain-64.png,20.8289,0.6415
rainstreak_rain-65.png,norain-65.png,19.675,0.5978
rainstreak_rain-66.png,norain-66.png,21.4545,0.6979
rainstreak_rain-67.png,norain-67.png,20.872,0.7215
rainstreak_rain-68.png,norain-68.png,20.1605,0.6422
rainstreak_rain-69.png,norain-69.png,20.4811,0.6676
rainstreak_rain-70.png,norain-70.png,20.2273,0.714
rainstreak_rain-74.png,norain-74.png,20.2941,0.7728
rainstreak_rain-89.png,norain-89.png,21.8359,0.6881
rainstreak_raindrop_pie-rd-rain-100.png,pie-norain-100.png,17.8225,0.5151
rainstreak_raindrop_pie-rd-rain-104.png,pie-norain-104.png,19.1126,0.6263
rainstreak_raindrop_pie-rd-rain-108.png,pie-norain-108.png,19.3325,0.6723
rainstreak_raindrop_pie-rd-rain-109.png,pie-norain-109.png,18.0752,0.5508
rainstreak_raindrop_pie-rd-rain-110.png,pie-norain-110.png,18.2325,0.528
rainstreak_raindrop_pie-rd-rain-113.png,pie-norain-113.png,18.1738,0.6688
rainstreak_raindrop_pie-rd-rain-118.png,pie-norain-118.png,17.7051,0.5904
rainstreak_raindrop_pie-rd-rain-124.png,pie-norain-124.png,16.9028,0.5823
rainstreak_raindrop_pie-rd-rain-128.png,pie-norain-128.png,16.3615,0.5355
rainstreak_raindrop_pie-rd-rain-138.png,pie-norain-138.png,19.6227,0.623
rainstreak_raindrop_pie-rd-rain-143.png,pie-norain-143.png,20.5157,0.6624
rainstreak_raindrop_pie-rd-rain-163.png,pie-norain-163.png,16.7261,0.5179
rainstreak_raindrop_pie-rd-rain-173.png,pie-norain-173.png,17.1773,0.5542
rainstreak_raindrop_pie-rd-rain-174.png,pie-norain-174.png,17.6637,0.5789
rainstreak_raindrop_pie-rd-rain-180.png,pie-norain-180.png,18.2106,0.5713
rainstreak_raindrop_pie-rd-rain-182.png,pie-norain-182.png,18.3352,0.647
rainstreak_raindrop_pie-rd-rain-19.png,pie-norain-19.png,19.2778,0.5514
rainstreak_raindrop_pie-rd-rain-212.png,pie-norain-212.png,17.4751,0.5349
rainstreak_raindrop_pie-rd-rain-213.png,pie-norain-213.png,17.5509,0.5599
rainstreak_raindrop_pie-rd-rain-216.png,pie-norain-216.png,17.7316,0.539
rainstreak_raindrop_pie-rd-rain-223.png,pie-norain-223.png,17.2843,0.5379
rainstreak_raindrop_pie-rd-rain-225.png,pie-norain-225.png,17.5393,0.5572
rainstreak_raindrop_pie-rd-rain-228.png,pie-norain-228.png,16.9279,0.4901
rainstreak_raindrop_pie-rd-rain-229.png,pie-norain-229.png,17.7219,0.567
rainstreak_raindrop_pie-rd-rain-234.png,pie-norain-234.png,18.9225,0.5744
rainstreak_raindrop_pie-rd-rain-236.png,pie-norain-236.png,18.0353,0.5353
rainstreak_raindrop_pie-rd-rain-237.png,pie-norain-237.png,19.5771,0.6102
rainstreak_raindrop_pie-rd-rain-264.png,pie-norain-264.png,21.0286,0.6821
rainstreak_raindrop_pie-rd-rain-268.png,pie-norain-268.png,22.1618,0.766
rainstreak_raindrop_pie-rd-rain-28.png,pie-norain-28.png,19.5012,0.5643
rainstreak_raindrop_pie-rd-rain-299.png,pie-norain-299.png,19.253,0.6011
rainstreak_raindrop_pie-rd-rain-306.png,pie-norain-306.png,20.3515,0.6477
rainstreak_raindrop_pie-rd-rain-308.png,pie-norain-308.png,21.9663,0.7661
rainstreak_raindrop_pie-rd-rain-311.png,pie-norain-311.png,22.2854,0.7569
rainstreak_raindrop_pie-rd-rain-313.png,pie-norain-313.png,22.2383,0.758
rainstreak_raindrop_pie-rd-rain-323.png,pie-norain-323.png,19.1999,0.6295
rainstreak_raindrop_pie-rd-rain-326.png,pie-norain-326.png,19.9234,0.6524
rainstreak_raindrop_pie-rd-rain-332.png,pie-norain-332.png,20.5677,0.654
rainstreak_raindrop_pie-rd-rain-343.png,pie-norain-343.png,20.2746,0.6276
rainstreak_raindrop_pie-rd-rain-344.png,pie-norain-344.png,20.1419,0.6281
rainstreak_raindrop_pie-rd-rain-349.png,pie-norain-349.png,21.0105,0.6522
rainstreak_raindrop_pie-rd-rain-35.png,pie-norain-35.png,19.9757,0.5956
rainstreak_raindrop_pie-rd-rain-353.png,pie-norain-353.png,21.6839,0.6888
rainstreak_raindrop_pie-rd-rain-355.png,pie-norain-355.png,22.0419,0.7284
rainstreak_raindrop_pie-rd-rain-36.png,pie-norain-36.png,20.8662,0.6428
rainstreak_raindrop_pie-rd-rain-37.png,pie-norain-37.png,20.0338,0.5845
rainstreak_raindrop_pie-rd-rain-374.png,pie-norain-374.png,20.6131,0.6803
rainstreak_raindrop_pie-rd-rain-380.png,pie-norain-380.png,20.0508,0.6256
rainstreak_raindrop_pie-rd-rain-381.png,pie-norain-381.png,20.2637,0.6433
rainstreak_raindrop_pie-rd-rain-383.png,pie-norain-383.png,19.9318,0.6188
rainstreak_raindrop_pie-rd-rain-389.png,pie-norain-389.png,18.9975,0.5923
rainstreak_raindrop_pie-rd-rain-391.png,pie-norain-391.png,19.3147,0.6075
rainstreak_raindrop_pie-rd-rain-393.png,pie-norain-393.png,19.589,0.6555
rainstreak_raindrop_pie-rd-rain-4.png,pie-norain-4.png,17.8103,0.4771
rainstreak_raindrop_pie-rd-rain-406.png,pie-norain-406.png,19.3859,0.6688
rainstreak_raindrop_pie-rd-rain-408.png,pie-norain-408.png,19.5519,0.6921
rainstreak_raindrop_pie-rd-rain-416.png,pie-norain-416.png,18.4727,0.5775
rainstreak_raindrop_pie-rd-rain-418.png,pie-norain-418.png,20.21,0.6607
rainstreak_raindrop_pie-rd-rain-424.png,pie-norain-424.png,19.6569,0.6285
rainstreak_raindrop_pie-rd-rain-43.png,pie-norain-43.png,20.91,0.6442
rainstreak_raindrop_pie-rd-rain-431.png,pie-norain-431.png,19.0514,0.6027
rainstreak_raindrop_pie-rd-rain-439.png,pie-norain-439.png,18.9576,0.578
rainstreak_raindrop_pie-rd-rain-445.png,pie-norain-445.png,18.5526,0.562
rainstreak_raindrop_pie-rd-rain-447.png,pie-norain-447.png,19.1679,0.5714
rainstreak_raindrop_pie-rd-rain-449.png,pie-norain-449.png,20.1864,0.6374
rainstreak_raindrop_pie-rd-rain-453.png,pie-norain-453.png,18.7126,0.5264
rainstreak_raindrop_pie-rd-rain-460.png,pie-norain-460.png,18.1187,0.5098
rainstreak_raindrop_pie-rd-rain-461.png,pie-norain-461.png,19.1501,0.6462
rainstreak_raindrop_pie-rd-rain-482.png,pie-norain-482.png,18.4803,0.5738
rainstreak_raindrop_pie-rd-rain-483.png,pie-norain-483.png,18.6245,0.5591
rainstreak_raindrop_pie-rd-rain-487.png,pie-norain-487.png,18.2715,0.5505
rainstreak_raindrop_pie-rd-rain-501.png,pie-norain-501.png,19.2399,0.6378
rainstreak_raindrop_pie-rd-rain-507.png,pie-norain-507.png,18.6795,0.5193
rainstreak_raindrop_pie-rd-rain-510.png,pie-norain-510.png,18.3688,0.56
rainstreak_raindrop_pie-rd-rain-513.png,pie-norain-513.png,20.1393,0.666
rainstreak_raindrop_pie-rd-rain-518.png,pie-norain-518.png,19.1006,0.5453
rainstreak_raindrop_pie-rd-rain-535.png,pie-norain-535.png,19.166,0.4984
rainstreak_raindrop_pie-rd-rain-544.png,pie-norain-544.png,20.0791,0.6551
rainstreak_raindrop_pie-rd-rain-549.png,pie-norain-549.png,19.6475,0.6726
rainstreak_raindrop_pie-rd-rain-555.png,pie-norain-555.png,18.9191,0.529
rainstreak_raindrop_pie-rd-rain-560.png,pie-norain-560.png,20.1853,0.6163
rainstreak_raindrop_pie-rd-rain-561.png,pie-norain-561.png,18.9655,0.4765
rainstreak_raindrop_pie-rd-rain-564.png,pie-norain-564.png,19.9368,0.5793
rainstreak_raindrop_pie-rd-rain-565.png,pie-norain-565.png,20.0096,0.5906
rainstreak_raindrop_pie-rd-rain-566.png,pie-norain-566.png,18.9884,0.4782
rainstreak_raindrop_pie-rd-rain-567.png,pie-norain-567.png,18.5759,0.4831
rainstreak_raindrop_pie-rd-rain-572.png,pie-norain-572.png,18.6335,0.4804
rainstreak_raindrop_pie-rd-rain-580.png,pie-norain-580.png,19.1054,0.5631
rainstreak_raindrop_pie-rd-rain-586.png,pie-norain-586.png,19.7479,0.5804
rainstreak_raindrop_pie-rd-rain-594.png,pie-norain-594.png,18.7713,0.5053
rainstreak_raindrop_pie-rd-rain-598.png,pie-norain-598.png,19.2614,0.5407
rainstreak_raindrop_pie-rd-rain-599.png,pie-norain-599.png,20.0787,0.6372
rainstreak_raindrop_pie-rd-rain-64.png,pie-norain-64.png,19.8028,0.586
rainstreak_raindrop_pie-rd-rain-72.png,pie-norain-72.png,17.9386,0.5566
rainstreak_raindrop_pie-rd-rain-77.png,pie-norain-77.png,18.9821,0.5851
rainstreak_raindrop_pie-rd-rain-79.png,pie-norain-79.png,18.8974,0.5413
rainstreak_raindrop_pie-rd-rain-8.png,pie-norain-8.png,17.7183,0.4671
rainstreak_raindrop_pie-rd-rain-83.png,pie-norain-83.png,20.6424,0.6723
rainstreak_raindrop_pie-rd-rain-84.png,pie-norain-84.png,20.7483,0.6996
rainstreak_raindrop_pie-rd-rain-98.png,pie-norain-98.png,17.2638,0.4798
rainstreak_raindrop_rd-rain-108.png,norain-108.png,18.1685,0.4846
rainstreak_raindrop_rd-rain-153.png,norain-153.png,20.0249,0.7208
rainstreak_raindrop_rd-rain-16.png,norain-16.png,18.0907,0.5321
rainstreak_raindrop_rd-rain-160.png,norain-160.png,19.9668,0.6696
rainstreak_raindrop_rd-rain-161.png,norain-161.png,19.9852,0.7079
rainstreak_raindrop_rd-rain-162.png,norain-162.png,19.8309,0.6762
rainstreak_raindrop_rd-rain-163.png,norain-163.png,20.0114,0.7171
rainstreak_raindrop_rd-rain-164.png,norain-164.png,19.8033,0.7243
rainstreak_raindrop_rd-rain-165.png,norain-165.png,19.9195,0.6671
rainstreak_raindrop_rd-rain-166.png,norain-166.png,19.7103,0.665
rainstreak_raindrop_rd-rain-167.png,norain-167.png,20.0021,0.718
rainstreak_raindrop_rd-rain-168.png,norain-168.png,19.8587,0.675
rainstreak_raindrop_rd-rain-169.png,norain-169.png,19.7614,0.7321
rainstreak_raindrop_rd-rain-180.png,norain-180.png,19.5516,0.7317
rainstreak_raindrop_rd-rain-2.png,norain-2.png,21.3733,0.5233
rainstreak_raindrop_rd-rain-203.png,norain-203.png,19.1526,0.6461
rainstreak_raindrop_rd-rain-237.png,norain-237.png,18.1788,0.5889
rainstreak_raindrop_rd-rain-256.png,norain-256.png,20.3065,0.6841
rainstreak_raindrop_rd-rain-260.png,norain-260.png,18.175,0.6794
rainstreak_raindrop_rd-rain-261.png,norain-261.png,19.0831,0.7407
rainstreak_raindrop_rd-rain-262.png,norain-262.png,19.7602,0.6639
rainstreak_raindrop_rd-rain-263.png,norain-263.png,18.5019,0.6072
rainstreak_raindrop_rd-rain-264.png,norain-264.png,18.823,0.5698
rainstreak_raindrop_rd-rain-265.png,norain-265.png,19.0834,0.5354
rainstreak_raindrop_rd-rain-266.png,norain-266.png,19.6187,0.5706
rainstreak_raindrop_rd-rain-267.png,norain-267.png,18.1256,0.4998
rainstreak_raindrop_rd-rain-268.png,norain-268.png,17.8965,0.5239
rainstreak_raindrop_rd-rain-269.png,norain-269.png,18.5511,0.5992
rainstreak_raindrop_rd-rain-274.png,norain-274.png,18.4888,0.5863
rainstreak_raindrop_rd-rain-305.png,norain-305.png,17.9842,0.5117
rainstreak_raindrop_rd-rain-317.png,norain-317.png,18.9691,0.5782
rainstreak_raindrop_rd-rain-318.png,norain-318.png,18.983,0.5826
rainstreak_raindrop_rd-rain-354.png,norain-354.png,18.0918,0.6502
rainstreak_raindrop_rd-rain-360.png,norain-360.png,18.1452,0.6225
rainstreak_raindrop_rd-rain-361.png,norain-361.png,18.3586,0.6299
rainstreak_raindrop_rd-rain-362.png,norain-362.png,17.7435,0.5164
rainstreak_raindrop_rd-rain-363.png,norain-363.png,18.1486,0.5433
rainstreak_raindrop_rd-rain-364.png,norain-364.png,17.0743,0.5119
rainstreak_raindrop_rd-rain-365.png,norain-365.png,18.1047,0.5988
rainstreak_raindrop_rd-rain-366.png,norain-366.png,17.2138,0.5287
rainstreak_raindrop_rd-rain-367.png,norain-367.png,17.5855,0.5786
rainstreak_raindrop_rd-rain-368.png,norain-368.png,17.5972,0.5851
rainstreak_raindrop_rd-rain-369.png,norain-369.png,17.3865,0.5569
rainstreak_raindrop_rd-rain-377.png,norain-377.png,19.2529,0.6563
rainstreak_raindrop_rd-rain-395.png,norain-395.png,17.5664,0.5609
rainstreak_raindrop_rd-rain-425.png,norain-425.png,18.9074,0.6037
rainstreak_raindrop_rd-rain-436.png,norain-436.png,17.5363,0.589
rainstreak_raindrop_rd-rain-487.png,norain-487.png,18.4986,0.4922
rainstreak_raindrop_rd-rain-488.png,norain-488.png,20.2717,0.6609
rainstreak_raindrop_rd-rain-489.png,norain-489.png,19.0635,0.6074
rainstreak_raindrop_rd-rain-490.png,norain-490.png,18.8759,0.5453
rainstreak_raindrop_rd-rain-491.png,norain-491.png,18.6084,0.5172
rainstreak_raindrop_rd-rain-492.png,norain-492.png,18.9763,0.5333
rainstreak_raindrop_rd-rain-493.png,norain-493.png,19.2153,0.5592
rainstreak_raindrop_rd-rain-494.png,norain-494.png,18.5517,0.6598
rainstreak_raindrop_rd-rain-495.png,norain-495.png,18.1374,0.5653
rainstreak_raindrop_rd-rain-496.png,norain-496.png,19.2174,0.5937
rainstreak_raindrop_rd-rain-497.png,norain-497.png,19.2879,0.5179
rainstreak_raindrop_rd-rain-498.png,norain-498.png,18.9142,0.5063
rainstreak_raindrop_rd-rain-499.png,norain-499.png,18.8671,0.4983
rainstreak_raindrop_rd-rain-50.png,norain-50.png,18.1148,0.5185
rainstreak_raindrop_rd-rain-500.png,norain-500.png,17.6824,0.4615
rainstreak_raindrop_rd-rain-501.png,norain-501.png,19.1893,0.5595
rainstreak_raindrop_rd-rain-502.png,norain-502.png,17.7556,0.5057
rainstreak_raindrop_rd-rain-503.png,norain-503.png,18.4171,0.5367
rainstreak_raindrop_rd-rain-504.png,norain-504.png,18.5814,0.4968
rainstreak_raindrop_rd-rain-505.png,norain-505.png,18.6778,0.5469
rainstreak_raindrop_rd-rain-506.png,norain-506.png,18.8879,0.5071
rainstreak_raindrop_rd-rain-507.png,norain-507.png,17.764,0.4582
rainstreak_raindrop_rd-rain-508.png,norain-508.png,18.0258,0.4374
rainstreak_raindrop_rd-rain-509.png,norain-509.png,18.926,0.533
rainstreak_raindrop_rd-rain-510.png,norain-510.png,16.8224,0.4347
rainstreak_raindrop_rd-rain-511.png,norain-511.png,18.3114,0.5162
rainstreak_raindrop_rd-rain-512.png,norain-512.png,17.6807,0.5028
rainstreak_raindrop_rd-rain-513.png,norain-513.png,18.0793,0.5531
rainstreak_raindrop_rd-rain-514.png,norain-514.png,16.406,0.4402
rainstreak_raindrop_rd-rain-515.png,norain-515.png,19.2453,0.5725
rainstreak_raindrop_rd-rain-516.png,norain-516.png,18.2673,0.5401
rainstreak_raindrop_rd-rain-517.png,norain-517.png,17.1716,0.4545
rainstreak_raindrop_rd-rain-518.png,norain-518.png,16.8729,0.5229
rainstreak_raindrop_rd-rain-519.png,norain-519.png,17.9663,0.5372
rainstreak_raindrop_rd-rain-520.png,norain-520.png,17.9398,0.4991
rainstreak_raindrop_rd-rain-521.png,norain-521.png,16.5072,0.4556
rainstreak_raindrop_rd-rain-522.png,norain-522.png,19.5455,0.5834
rainstreak_raindrop_rd-rain-523.png,norain-523.png,19.0934,0.5534
rainstreak_raindrop_rd-rain-524.png,norain-524.png,18.9739,0.5484
rainstreak_raindrop_rd-rain-525.png,norain-525.png,17.5411,0.5039
rainstreak_raindrop_rd-rain-60.png,norain-60.png,19.357,0.5718
rainstreak_raindrop_rd-rain-61.png,norain-61.png,19.9202,0.5331
rainstreak_raindrop_rd-rain-62.png,norain-62.png,20.1672,0.5549
rainstreak_raindrop_rd-rain-63.png,norain-63.png,20.2174,0.5668
rainstreak_raindrop_rd-rain-64.png,norain-64.png,19.5491,0.5131
rainstreak_raindrop_rd-rain-65.png,norain-65.png,18.6955,0.4827
rainstreak_raindrop_rd-rain-66.png,norain-66.png,19.6471,0.5551
rainstreak_raindrop_rd-rain-67.png,norain-67.png,19.3447,0.582
rainstreak_raindrop_rd-rain-68.png,norain-68.png,19.188,0.5249
rainstreak_raindrop_rd-rain-69.png,norain-69.png,19.3025,0.5385
rainstreak_raindrop_rd-rain-70.png,norain-70.png,19.0645,0.5783
rainstreak_raindrop_rd-rain-74.png,norain-74.png,19.1207,0.6224
rainstreak_raindrop_rd-rain-89.png,norain-89.png,20.4109,0.5999
