# RealRain-1k-H Evaluation Results,,
# Generated:,21-02-2026 22:34,
,,
# Model Information,,
Model,Uformer_T_RLP_RPIM,
Test Dataset,RealRain-1k-H,
,,
# Overall Metrics,,
Total Images,224,
Processed Images,224,
Failed Images,0,
Average PSNR (dB),21.2564,
Average SSIM,0.7115,
,,
# Per-Image Results,,
Image Name,PSNR (dB),SSIM
1002.png,26.0708,0.9438
1003.png,23.0375,0.8064
1004.png,20.3045,0.7525
1006.png,19.2944,0.6094
1009.png,26.2134,0.8188
1010.png,22.3707,0.8323
1013.png,23.04,0.7832
1014.png,22.6679,0.7332
1015.png,24.3552,0.6815
1016.png,22.7504,0.8002
102.png,23.6791,0.7771
1020.png,23.3462,0.8373
1023.png,19.1387,0.6828
1030.png,23.5695,0.8633
1031.png,19.8918,0.5777
1035.png,20.422,0.7458
1040.png,20.4243,0.6989
1041.png,21.2733,0.6746
1050.png,22.6034,0.7838
106.png,27.8925,0.9411
1060.png,24.583,0.8226
107.png,20.9024,0.795
1071.png,19.5381,0.653
1080.png,21.7733,0.6137
1086.png,21.0898,0.8021
1088.png,20.1611,0.7557
1096.png,19.5288,0.817
1097.png,22.6921,0.8269
110.png,24.1952,0.8825
1101.png,19.5109,0.6822
1102.png,21.3662,0.6636
1105.png,20.227,0.4921
1107.png,20.0651,0.6251
1108.png,18.0232,0.6632
1109.png,18.7096,0.483
1113.png,17.6803,0.5607
114.png,25.7082,0.8915
115.png,24.7271,0.8943
120.png,20.0689,0.623
122.png,20.5566,0.6482
134.png,24.5389,0.821
136.png,23.5005,0.7334
141.png,20.8957,0.7478
15.png,25.4911,0.737
152.png,22.8004,0.7404
153.png,20.465,0.679
17.png,21.4164,0.6823
170.png,27.0956,0.9339
173.png,22.4463,0.7109
178.png,20.6132,0.673
18.png,22.5188,0.8761
180.png,21.8885,0.7994
181.png,21.2962,0.6842
187.png,22.3235,0.7059
188.png,22.0568,0.8846
189.png,23.1744,0.7501
195.png,22.2825,0.8281
197.png,16.6582,0.4153
198.png,22.4605,0.6795
2.png,19.4425,0.7791
200.png,28.2288,0.9377
221.png,19.678,0.6701
231.png,20.1476,0.7152
232.png,18.9932,0.6452
25.png,18.9128,0.8979
252.png,22.2977,0.8002
257.png,18.5378,0.422
261.png,21.5768,0.8154
262.png,17.6679,0.465
264.png,19.1302,0.5405
268.png,17.4883,0.5385
287.png,22.3874,0.6819
290.png,18.7491,0.571
311.png,20.2254,0.7705
313.png,19.7626,0.5705
338.png,16.139,0.5366
34.png,18.6247,0.7171
345.png,15.6787,0.5304
346.png,15.9921,0.5241
348.png,17.7782,0.5917
35.png,19.2054,0.5422
356.png,23.1128,0.8378
36.png,22.3848,0.7256
367.png,16.9791,0.7369
368.png,22.4559,0.7618
37.png,23.5765,0.8954
378.png,21.7451,0.75
381.png,21.3155,0.7237
382.png,19.8916,0.8677
389.png,21.7056,0.7176
39.png,20.7167,0.5984
399.png,18.6951,0.7129
40.png,19.8513,0.8372
403.png,15.9871,0.4505
404.png,20.8512,0.7238
407.png,17.8799,0.3638
410.png,15.9894,0.378
412.png,16.5396,0.4395
425.png,19.4074,0.6279
429.png,24.4086,0.8006
45.png,29.5306,0.9441
451.png,25.7372,0.8928
465.png,20.0444,0.6478
47.png,23.8995,0.8292
472.png,19.1297,0.604
479.png,22.3649,0.7217
481.png,20.9474,0.8223
485.png,20.6136,0.6531
495.png,25.048,0.818
497.png,24.4705,0.8125
499.png,26.8332,0.8429
50.png,21.7248,0.8923
502.png,23.8878,0.8377
52.png,20.0814,0.6762
524.png,18.7306,0.7973
525.png,21.2984,0.7673
528.png,19.8515,0.5816
529.png,21.5766,0.7482
54.png,23.9673,0.8951
540.png,21.8687,0.8402
548.png,17.3809,0.6838
551.png,20.1893,0.7818
565.png,19.9401,0.6536
566.png,20.4717,0.7237
569.png,18.7179,0.6827
576.png,18.4862,0.7212
578.png,17.5216,0.7543
58.png,20.488,0.743
584.png,21.4054,0.7113
587.png,24.4324,0.8155
588.png,22.5871,0.7656
596.png,18.9794,0.6659
598.png,20.0118,0.8303
602.png,18.8202,0.646
61.png,25.1909,0.8773
614.png,22.411,0.7927
622.png,21.543,0.7666
628.png,23.5857,0.7768
636.png,24.6988,0.8419
637.png,26.1986,0.862
642.png,20.014,0.7135
643.png,19.2691,0.5952
645.png,19.3994,0.7989
65.png,28.0689,0.9283
661.png,19.2697,0.5945
665.png,20.088,0.6845
666.png,19.1629,0.6363
668.png,21.7382,0.8123
671.png,19.4214,0.62
674.png,22.0176,0.8511
678.png,17.8856,0.5396
682.png,21.7353,0.5133
689.png,19.4362,0.5375
690.png,21.088,0.7658
7.png,23.165,0.8572
70.png,18.4161,0.8308
702.png,20.2709,0.7269
706.png,20.5859,0.7458
711.png,17.6202,0.6323
716.png,25.7251,0.9262
719.png,25.0327,0.6934
72.png,20.6818,0.7535
720.png,27.5514,0.7776
721.png,28.8846,0.8226
727.png,24.8443,0.7737
729.png,17.8633,0.6627
732.png,25.5241,0.8223
742.png,21.8893,0.6478
744.png,22.2044,0.6745
751.png,23.5813,0.592
752.png,24.3179,0.7653
755.png,21.9805,0.6893
756.png,20.2071,0.6514
759.png,21.9149,0.7173
762.png,19.5363,0.6631
765.png,22.2602,0.726
766.png,20.4106,0.6141
767.png,23.6546,0.7431
770.png,21.8758,0.7357
778.png,22.0097,0.7981
779.png,25.783,0.8259
78.png,25.4684,0.9307
780.png,26.3198,0.7329
788.png,20.5596,0.8116
789.png,21.3796,0.6404
79.png,19.4007,0.6827
797.png,20.2872,0.7334
813.png,18.3423,0.4738
814.png,20.3245,0.6153
817.png,21.9653,0.7354
826.png,16.7939,0.4875
834.png,16.8429,0.5437
835.png,15.915,0.5601
839.png,18.1725,0.5061
845.png,17.5674,0.5188
847.png,13.2323,0.2448
850.png,16.3109,0.497
855.png,17.7458,0.5826
859.png,19.0262,0.4675
862.png,22.4393,0.7908
863.png,20.761,0.7406
864.png,22.516,0.6757
865.png,17.6628,0.6113
87.png,18.7811,0.8238
882.png,19.5691,0.6424
883.png,18.5996,0.4323
884.png,19.7618,0.4144
885.png,21.5565,0.5776
9.png,22.8615,0.7656
933.png,19.5002,0.609
939.png,22.5033,0.7135
94.png,22.0969,0.7759
941.png,17.1412,0.611
944.png,24.1509,0.8524
946.png,17.6672,0.3265
947.png,19.7768,0.6205
95.png,24.2872,0.922
950.png,21.4455,0.8436
957.png,18.5344,0.8496
959.png,24.5177,0.7514
96.png,30.0457,0.9519
969.png,28.9525,0.9099
994.png,20.2972,0.674
995.png,21.7812,0.7183
