# SynRain-13k Evaluation Results,,
# Generated:,21-02-2026 23:21,
,,
# Model Information,,
Model,UNet_RLP_RPIM,
Test Dataset,SynRain-13k,
,,
# Overall Metrics,,
Total Images,1200,
Processed Images,1200,
Failed Images,0,
Average PSNR (dB),23.7611,
Average SSIM,0.8175,
,,
# Per-Image Results,,
Image Name,PSNR (dB),SSIM
1.png,23.9617,0.8592
10.png,23.8302,0.8778
100.png,28.8787,0.8613
1000.png,24.6057,0.823
1001.png,26.639,0.8416
1002.png,30.3792,0.8877
1003.png,21.4264,0.74
1004.png,24.6941,0.8231
1005.png,18.5957,0.8028
1006.png,27.3976,0.7923
1007.png,25.1504,0.8344
1008.png,22.659,0.8588
1009.png,24.4579,0.9237
101.png,26.2299,0.8782
1010.png,28.8088,0.9346
1011.png,24.1767,0.8541
1012.png,23.2611,0.8862
1013.png,28.7198,0.9124
1014.png,23.6435,0.8419
1015.png,31.4712,0.913
1016.png,26.4593,0.8416
1017.png,24.4602,0.8148
1018.png,25.8078,0.8464
1019.png,20.2313,0.7695
102.png,21.4564,0.8522
1020.png,21.3431,0.7815
1021.png,21.8969,0.862
1022.png,21.686,0.8616
1023.png,26.264,0.8671
1024.png,17.553,0.6527
1025.png,27.547,0.8709
1026.png,16.637,0.6149
1027.png,23.2199,0.8636
1028.png,32.8035,0.9347
1029.png,21.5526,0.8419
103.png,24.2315,0.8891
1030.png,25.1895,0.8728
1031.png,23.5486,0.7765
1032.png,21.7631,0.7967
1033.png,22.8969,0.8336
1034.png,20.2724,0.7654
1035.png,24.9858,0.7884
1036.png,18.2018,0.7472
1037.png,24.9591,0.7963
1038.png,24.0541,0.7969
1039.png,18.7307,0.6248
104.png,25.5172,0.8334
1040.png,20.1137,0.8621
1041.png,23.0169,0.7791
1042.png,26.391,0.9261
1043.png,26.8233,0.883
1044.png,28.6556,0.9209
1045.png,20.4395,0.7345
1046.png,26.8422,0.8868
1047.png,26.9219,0.8965
1048.png,24.9353,0.797
1049.png,25.5813,0.8208
105.png,26.0439,0.8775
1050.png,26.7442,0.8529
1051.png,26.3078,0.9016
1052.png,22.4451,0.8245
1053.png,23.5431,0.8359
1054.png,26.0211,0.8438
1055.png,21.1149,0.7972
1056.png,26.0867,0.8857
1057.png,19.9827,0.8561
1058.png,21.4456,0.8223
1059.png,20.1516,0.7793
106.png,29.3002,0.8892
1060.png,23.5936,0.7492
1061.png,24.581,0.8302
1062.png,18.0415,0.6774
1063.png,20.6682,0.7779
1064.png,25.548,0.8731
1065.png,16.9641,0.5542
1066.png,24.8018,0.8289
1067.png,25.1149,0.8837
1068.png,19.9423,0.7515
1069.png,24.2732,0.8638
107.png,18.8105,0.7669
1070.png,22.5652,0.8428
1071.png,26.6111,0.8204
1072.png,18.1615,0.7393
1073.png,26.7386,0.9059
1074.png,20.6435,0.7719
1075.png,27.2038,0.8311
1076.png,22.0238,0.768
1077.png,21.7155,0.7685
1078.png,23.45,0.8424
1079.png,20.3104,0.7126
108.png,24.6218,0.8066
1080.png,23.4422,0.8432
1081.png,23.3797,0.8433
1082.png,26.2234,0.8353
1083.png,24.5367,0.822
1084.png,18.1288,0.6231
1085.png,27.1105,0.9052
1086.png,23.9373,0.7688
1087.png,29.1799,0.8799
1088.png,25.0216,0.9205
1089.png,23.6101,0.9069
109.png,25.6826,0.8739
1090.png,24.3977,0.8563
1091.png,22.9675,0.8448
1092.png,17.6256,0.6948
1093.png,25.8364,0.8674
1094.png,23.1946,0.8233
1095.png,23.9166,0.7487
1096.png,26.3765,0.9238
1097.png,22.8155,0.8451
1098.png,20.2997,0.8119
1099.png,22.0609,0.8042
11.png,27.479,0.8957
110.png,27.4735,0.8829
1100.png,25.617,0.798
1101.png,26.2382,0.8239
1102.png,19.7602,0.7223
1103.png,26.2922,0.8564
1104.png,23.8447,0.8733
1105.png,19.4351,0.7626
1106.png,18.5341,0.776
1107.png,20.67,0.7845
1108.png,22.3408,0.7862
1109.png,27.3028,0.8504
111.png,23.0564,0.86
1110.png,23.9032,0.8293
1111.png,25.5446,0.8682
1112.png,27.6108,0.9068
1113.png,21.8825,0.7498
1114.png,26.9563,0.8674
1115.png,23.7705,0.7737
1116.png,26.6657,0.8832
1117.png,19.9879,0.6548
1118.png,23.1892,0.8411
1119.png,27.5017,0.8678
112.png,27.8292,0.9125
1120.png,22.9498,0.8371
1121.png,23.7907,0.8652
1122.png,28.6393,0.8947
1123.png,24.6028,0.819
1124.png,24.5109,0.8574
1125.png,22.6411,0.7797
1126.png,20.7643,0.6633
1127.png,27.8359,0.8497
1128.png,24.6288,0.8703
1129.png,29.5432,0.9137
113.png,20.3865,0.8225
1130.png,24.2514,0.8413
1131.png,24.8206,0.9032
1132.png,21.4746,0.7359
1133.png,25.4961,0.7337
1134.png,29.9276,0.8994
1135.png,23.5061,0.8118
1136.png,19.0811,0.6953
1137.png,23.4311,0.7085
1138.png,24.5138,0.8759
1139.png,22.524,0.6994
114.png,21.6871,0.7665
1140.png,19.5148,0.7609
1141.png,26.2535,0.8752
1142.png,18.7549,0.7325
1143.png,21.1143,0.8438
1144.png,25.042,0.8139
1145.png,22.3734,0.7307
1146.png,25.1115,0.8219
1147.png,26.041,0.828
1148.png,22.4864,0.8298
1149.png,26.1863,0.892
115.png,20.4218,0.7242
1150.png,22.0682,0.7833
1151.png,17.4547,0.7094
1152.png,24.4518,0.7937
1153.png,27.5913,0.9059
1154.png,20.7947,0.6271
1155.png,28.9347,0.917
1156.png,22.8255,0.7834
1157.png,31.3361,0.941
1158.png,23.5629,0.7825
1159.png,34.4989,0.9301
116.png,24.5719,0.7895
1160.png,27.5639,0.89
1161.png,26.1269,0.8514
1162.png,23.5601,0.854
1163.png,22.0204,0.8261
1164.png,24.6931,0.8226
1165.png,20.6405,0.7756
1166.png,27.7148,0.9117
1167.png,18.2375,0.7341
1168.png,22.5278,0.7758
1169.png,24.2852,0.9116
117.png,23.7726,0.867
1170.png,26.3793,0.8455
1171.png,25.0503,0.912
1172.png,21.3586,0.7961
1173.png,25.3133,0.8251
1174.png,23.7762,0.8108
1175.png,22.2162,0.9023
1176.png,27.5899,0.8675
1177.png,33.7751,0.9499
1178.png,26.0279,0.9136
1179.png,30.2318,0.9118
118.png,27.7582,0.8976
1180.png,24.1243,0.8773
1181.png,30.2253,0.876
1182.png,25.2729,0.8161
1183.png,27.9442,0.9164
1184.png,21.4732,0.8863
1185.png,24.8836,0.8148
1186.png,26.9864,0.9088
1187.png,25.9662,0.8991
1188.png,17.8579,0.7033
1189.png,23.194,0.7629
119.png,25.1417,0.8153
1190.png,22.9742,0.8539
1191.png,30.6777,0.933
1192.png,20.6936,0.8136
1193.png,22.6217,0.8049
1194.png,20.4833,0.7105
1195.png,22.2774,0.8249
1196.png,23.1028,0.8846
1197.png,20.5465,0.7012
1198.png,21.4106,0.7837
1199.png,23.5211,0.7902
12.png,29.5473,0.9527
120.png,20.3103,0.7773
1200.png,29.9066,0.9005
121.png,21.3305,0.8161
122.png,21.8781,0.8029
123.png,18.1647,0.6542
124.png,24.367,0.9068
125.png,22.9033,0.7666
126.png,21.7603,0.6728
127.png,20.7714,0.724
128.png,21.5222,0.7886
129.png,24.6733,0.8545
13.png,21.0119,0.7607
130.png,26.5777,0.8458
131.png,24.3316,0.8419
132.png,24.6717,0.8653
133.png,22.9604,0.826
134.png,28.528,0.8934
135.png,26.1694,0.8479
136.png,28.8704,0.8887
137.png,22.2688,0.7803
138.png,25.9836,0.8753
139.png,22.2323,0.8302
14.png,24.0254,0.7964
140.png,23.3649,0.764
141.png,24.5981,0.7975
142.png,25.6139,0.8333
143.png,20.0053,0.7825
144.png,16.1513,0.5288
145.png,21.4702,0.6602
146.png,27.8601,0.9103
147.png,24.5741,0.8375
148.png,25.2846,0.8311
149.png,20.8577,0.7892
15.png,24.304,0.8632
150.png,24.5718,0.8231
151.png,28.5488,0.9173
152.png,23.1127,0.8448
153.png,26.5137,0.8613
154.png,25.6881,0.8794
155.png,18.527,0.6157
156.png,22.0528,0.7699
157.png,27.4646,0.896
158.png,21.2959,0.7633
159.png,27.693,0.8674
16.png,27.1488,0.8418
160.png,18.8979,0.6877
161.png,25.2751,0.837
162.png,24.5642,0.9242
163.png,28.0497,0.8609
164.png,25.5348,0.8551
165.png,27.6376,0.9025
166.png,26.9179,0.9348
167.png,25.6246,0.8436
168.png,23.1368,0.7062
169.png,20.8013,0.8211
17.png,21.7177,0.7148
170.png,20.9348,0.8707
171.png,21.066,0.9039
172.png,23.77,0.8583
173.png,33.0114,0.9345
174.png,25.6288,0.9236
175.png,19.6492,0.869
176.png,27.5776,0.8255
177.png,27.548,0.9085
178.png,17.7052,0.6661
179.png,21.49,0.7526
18.png,23.9689,0.792
180.png,27.0812,0.9012
181.png,22.6468,0.8535
182.png,22.0449,0.7915
183.png,25.6812,0.9232
184.png,24.4004,0.8506
185.png,21.8522,0.8233
186.png,27.4792,0.8742
187.png,27.5544,0.906
188.png,21.0382,0.7794
189.png,25.2733,0.8712
19.png,21.2249,0.7217
190.png,27.3536,0.8332
191.png,21.7727,0.8084
192.png,24.2207,0.8321
193.png,21.471,0.8186
194.png,21.5876,0.7485
195.png,25.6754,0.8283
196.png,21.2588,0.7257
197.png,25.5379,0.8602
198.png,19.571,0.7623
199.png,18.9986,0.6942
2.png,24.8953,0.8266
20.png,24.141,0.8187
200.png,28.6375,0.9371
201.png,27.7017,0.8956
202.png,21.8428,0.7574
203.png,17.7907,0.6101
204.png,28.4016,0.827
205.png,18.9018,0.8397
206.png,24.5052,0.7554
207.png,22.2533,0.8374
208.png,18.8093,0.7601
209.png,23.3757,0.7876
21.png,22.2898,0.7982
210.png,27.6868,0.933
211.png,23.6467,0.8184
212.png,18.1237,0.5512
213.png,23.6019,0.7498
214.png,23.9611,0.8887
215.png,28.5976,0.8354
216.png,19.3809,0.694
217.png,24.2952,0.8096
218.png,23.3518,0.7433
219.png,20.2313,0.7695
22.png,26.1617,0.9037
220.png,18.1495,0.7425
221.png,22.1815,0.8936
222.png,21.2777,0.7569
223.png,25.356,0.8364
224.png,19.0551,0.7355
225.png,27.9867,0.8768
226.png,25.1556,0.8744
227.png,22.3807,0.8655
228.png,18.4653,0.6859
229.png,21.3593,0.8233
23.png,25.4275,0.7997
230.png,21.9897,0.7754
231.png,23.0163,0.7386
232.png,19.2678,0.7245
233.png,23.0842,0.8696
234.png,23.4828,0.8598
235.png,26.7803,0.8741
236.png,21.2291,0.8422
237.png,22.773,0.8179
238.png,24.882,0.8012
239.png,20.0796,0.7226
24.png,23.5654,0.8344
240.png,20.5851,0.7757
241.png,24.7578,0.8707
242.png,24.1152,0.8519
243.png,26.9989,0.9136
244.png,25.804,0.8251
245.png,22.6666,0.8004
246.png,27.4458,0.8597
247.png,26.8634,0.89
248.png,18.5174,0.6837
249.png,29.6296,0.9151
25.png,23.4967,0.8097
250.png,26.1313,0.8214
251.png,26.4007,0.8817
252.png,17.0099,0.4834
253.png,24.5823,0.8699
254.png,27.0204,0.8435
255.png,23.3468,0.8201
256.png,27.886,0.9009
257.png,19.2637,0.7655
258.png,18.455,0.6096
259.png,24.7721,0.8527
26.png,23.9085,0.8069
260.png,23.5792,0.7919
261.png,24.5095,0.8223
262.png,22.0061,0.7917
263.png,22.3579,0.8011
264.png,25.5878,0.8916
265.png,21.8473,0.8304
266.png,27.3883,0.8806
267.png,22.5316,0.8077
268.png,19.0839,0.7164
269.png,24.8902,0.8918
27.png,26.8263,0.8992
270.png,18.1109,0.715
271.png,22.0889,0.6773
272.png,22.5899,0.8125
273.png,17.8361,0.6657
274.png,18.9164,0.6905
275.png,19.3523,0.7217
276.png,22.0948,0.787
277.png,23.333,0.8327
278.png,23.2425,0.8712
279.png,21.1956,0.807
28.png,21.7182,0.8387
280.png,22.4574,0.8866
281.png,24.3468,0.8673
282.png,22.1424,0.7477
283.png,26.3042,0.8809
284.png,18.4947,0.6624
285.png,23.3582,0.7996
286.png,19.6873,0.7411
287.png,28.2027,0.8473
288.png,18.918,0.7162
289.png,23.5445,0.9073
29.png,24.348,0.863
290.png,23.7936,0.8224
291.png,22.7857,0.8294
292.png,21.415,0.7848
293.png,24.7222,0.8139
294.png,22.1076,0.7873
295.png,24.2598,0.8246
296.png,22.7811,0.8073
297.png,17.8867,0.6662
298.png,21.263,0.8066
299.png,21.6586,0.8001
3.png,22.3342,0.8409
30.png,21.2775,0.7823
300.png,24.4503,0.8188
301.png,25.2408,0.7937
302.png,20.6405,0.8695
303.png,19.5472,0.7797
304.png,20.5692,0.5895
305.png,20.2862,0.8011
306.png,27.271,0.8862
307.png,22.286,0.834
308.png,22.5209,0.7959
309.png,21.745,0.7627
31.png,33.9364,0.9389
310.png,24.7416,0.8332
311.png,18.8901,0.6906
312.png,23.5873,0.8122
313.png,23.0952,0.7503
314.png,18.4262,0.7245
315.png,26.6568,0.8818
316.png,27.1804,0.8885
317.png,21.723,0.7417
318.png,23.1436,0.7618
319.png,28.1951,0.8703
32.png,26.6875,0.8377
320.png,23.599,0.8664
321.png,21.9639,0.8272
322.png,22.35,0.7722
323.png,24.2353,0.7851
324.png,25.6422,0.832
325.png,24.8785,0.8556
326.png,19.6345,0.6222
327.png,24.6523,0.7623
328.png,25.0423,0.8528
329.png,29.858,0.919
33.png,24.2558,0.847
330.png,20.2775,0.7281
331.png,23.5094,0.8021
332.png,27.4889,0.8038
333.png,23.524,0.7804
334.png,31.68,0.9374
335.png,22.7554,0.8016
336.png,24.6552,0.7808
337.png,19.9446,0.7064
338.png,31.797,0.9653
339.png,29.9312,0.8696
34.png,21.9668,0.8008
340.png,20.5156,0.8038
341.png,24.8792,0.8198
342.png,27.1298,0.9118
343.png,21.5929,0.805
344.png,24.2539,0.8789
345.png,25.3848,0.8738
346.png,19.2736,0.745
347.png,19.0826,0.6032
348.png,22.2821,0.8041
349.png,24.0204,0.8161
35.png,21.3184,0.8279
350.png,23.6167,0.808
351.png,19.2911,0.8235
352.png,26.9365,0.8717
353.png,28.4325,0.9153
354.png,21.6431,0.739
355.png,28.5492,0.8909
356.png,22.0119,0.8129
357.png,27.3613,0.868
358.png,23.1167,0.817
359.png,30.6526,0.9059
36.png,22.2709,0.9082
360.png,25.5573,0.7883
361.png,28.4171,0.9175
362.png,24.9477,0.8767
363.png,20.6798,0.8125
364.png,23.3094,0.8292
365.png,18.3446,0.7393
366.png,16.2796,0.5822
367.png,23.177,0.8517
368.png,26.0316,0.8918
369.png,24.2219,0.9081
37.png,18.3625,0.709
370.png,23.954,0.788
371.png,23.6328,0.8535
372.png,22.4971,0.8844
373.png,24.1279,0.8457
374.png,21.096,0.7132
375.png,21.9983,0.856
376.png,27.1827,0.868
377.png,23.6498,0.7898
378.png,25.371,0.8571
379.png,24.7541,0.8334
38.png,21.3956,0.7655
380.png,19.4217,0.7999
381.png,24.7762,0.8291
382.png,26.3848,0.8408
383.png,19.0769,0.8226
384.png,22.322,0.8099
385.png,27.4504,0.868
386.png,23.5987,0.8366
387.png,27.925,0.9347
388.png,21.3091,0.7045
389.png,27.9437,0.9019
39.png,22.5691,0.8238
390.png,23.2927,0.8053
391.png,20.8638,0.8072
392.png,20.1412,0.8478
393.png,29.8467,0.9144
394.png,21.7972,0.8512
395.png,23.6145,0.878
396.png,23.3681,0.8808
397.png,22.2142,0.7657
398.png,23.9204,0.8891
399.png,23.3695,0.7375
4.png,26.1168,0.8114
40.png,23.2191,0.8847
400.png,31.2721,0.947
401.png,25.2414,0.779
402.png,26.6594,0.8902
403.png,22.68,0.8496
404.png,24.1776,0.782
405.png,17.3896,0.6356
406.png,22.7102,0.8609
407.png,30.0047,0.9313
408.png,26.1343,0.7996
409.png,26.7758,0.8892
41.png,21.557,0.8375
410.png,21.5571,0.8166
411.png,20.0144,0.7171
412.png,24.1679,0.7961
413.png,25.0228,0.9063
414.png,25.5105,0.8319
415.png,24.6167,0.899
416.png,21.6096,0.7108
417.png,25.3665,0.8727
418.png,20.0085,0.6535
419.png,25.2484,0.9068
42.png,21.5216,0.8466
420.png,21.1856,0.6361
421.png,21.939,0.8191
422.png,24.1215,0.8122
423.png,24.5745,0.7903
424.png,22.9908,0.9204
425.png,21.6767,0.7629
426.png,24.0133,0.8148
427.png,23.79,0.8539
428.png,22.4643,0.8479
429.png,24.8657,0.8759
43.png,20.8749,0.8024
430.png,25.7288,0.8451
431.png,18.9354,0.7047
432.png,20.0205,0.5943
433.png,25.2625,0.795
434.png,23.7419,0.8372
435.png,20.4648,0.8002
436.png,22.0614,0.9195
437.png,19.0632,0.7777
438.png,27.745,0.8794
439.png,17.4144,0.6288
44.png,29.7895,0.88
440.png,23.5936,0.8625
441.png,21.6342,0.7649
442.png,21.7994,0.7744
443.png,22.6739,0.862
444.png,25.7294,0.8263
445.png,25.1669,0.7688
446.png,27.5271,0.928
447.png,25.5909,0.9054
448.png,18.3189,0.6812
449.png,22.7515,0.8018
45.png,28.8517,0.893
450.png,23.8681,0.7403
451.png,24.4804,0.8227
452.png,24.0319,0.8399
453.png,23.1289,0.7065
454.png,19.1986,0.7135
455.png,23.9359,0.8178
456.png,27.8015,0.8772
457.png,22.0401,0.8324
458.png,20.8201,0.7699
459.png,21.8916,0.7823
46.png,24.1889,0.8495
460.png,24.8915,0.8762
461.png,23.6914,0.7859
462.png,19.1405,0.7342
463.png,19.5361,0.719
464.png,25.9258,0.8122
465.png,23.0594,0.7549
466.png,24.2366,0.766
467.png,22.9641,0.8599
468.png,21.9875,0.8504
469.png,24.1919,0.8118
47.png,24.4675,0.7916
470.png,24.1554,0.8713
471.png,27.3913,0.8576
472.png,19.4898,0.678
473.png,17.8124,0.5325
474.png,24.7288,0.8397
475.png,27.3843,0.8809
476.png,29.3068,0.9159
477.png,30.6415,0.9375
478.png,26.6858,0.8305
479.png,27.9268,0.8656
48.png,19.5102,0.7181
480.png,30.7761,0.9032
481.png,24.3288,0.8816
482.png,20.1044,0.7825
483.png,24.2972,0.853
484.png,26.6967,0.8676
485.png,19.2865,0.8161
486.png,25.8398,0.9333
487.png,25.4692,0.8495
488.png,29.5886,0.8558
489.png,21.0552,0.8507
49.png,21.3602,0.7319
490.png,26.3231,0.919
491.png,21.0024,0.7964
492.png,24.8269,0.7603
493.png,21.5883,0.7006
494.png,22.792,0.838
495.png,24.3013,0.9086
496.png,21.1835,0.785
497.png,21.9829,0.7145
498.png,19.1523,0.6986
499.png,27.8938,0.8573
5.png,28.0228,0.8796
50.png,22.9812,0.7778
500.png,30.0899,0.9057
501.png,23.2853,0.814
502.png,18.6878,0.6676
503.png,19.5234,0.749
504.png,22.8313,0.7369
505.png,24.4179,0.8434
506.png,24.6019,0.8139
507.png,16.0238,0.5424
508.png,15.5565,0.5005
509.png,23.7003,0.7626
51.png,23.9971,0.8533
510.png,17.3294,0.5344
511.png,15.3873,0.3065
512.png,30.7478,0.9182
513.png,18.1838,0.4986
514.png,20.6292,0.6867
515.png,22.9807,0.8447
516.png,25.4259,0.7891
517.png,26.4721,0.9189
518.png,28.1745,0.942
519.png,20.8664,0.5351
52.png,26.624,0.9228
520.png,28.6608,0.8832
521.png,21.3176,0.8606
522.png,26.6823,0.8792
523.png,19.4431,0.7947
524.png,23.4752,0.8519
525.png,23.7644,0.8443
526.png,20.4437,0.6627
527.png,20.2553,0.8901
528.png,21.1329,0.7862
529.png,25.1053,0.864
53.png,29.1542,0.8372
530.png,29.7741,0.9115
531.png,24.8488,0.8312
532.png,24.4082,0.8498
533.png,23.4524,0.8923
534.png,27.2056,0.8645
535.png,19.0268,0.7508
536.png,31.8529,0.9116
537.png,22.8994,0.7636
538.png,26.2355,0.8773
539.png,22.3325,0.8838
54.png,27.2241,0.9066
540.png,23.5383,0.7386
541.png,23.9709,0.7813
542.png,26.9588,0.8869
543.png,20.6865,0.8531
544.png,29.9096,0.9047
545.png,26.5745,0.7608
546.png,24.2847,0.8304
547.png,25.1027,0.9095
548.png,25.2672,0.8501
549.png,23.9928,0.8564
55.png,25.4229,0.8338
550.png,27.7858,0.9334
551.png,29.1608,0.9378
552.png,17.427,0.722
553.png,18.4429,0.7045
554.png,25.966,0.8749
555.png,21.6315,0.7985
556.png,22.4295,0.8172
557.png,24.6697,0.7441
558.png,27.9869,0.8806
559.png,28.2392,0.8622
56.png,25.1691,0.8038
560.png,18.9055,0.7148
561.png,27.1338,0.895
562.png,23.6657,0.8537
563.png,22.0904,0.6953
564.png,24.3805,0.8448
565.png,29.7791,0.9371
566.png,27.2183,0.9015
567.png,22.8483,0.7856
568.png,24.447,0.8192
569.png,29.1264,0.9121
57.png,22.3961,0.7371
570.png,22.1754,0.8799
571.png,21.7199,0.8543
572.png,25.8553,0.917
573.png,18.1783,0.7829
574.png,26.8604,0.8838
575.png,19.6321,0.8327
576.png,19.8528,0.7518
577.png,26.4604,0.8555
578.png,24.6041,0.8859
579.png,24.3608,0.8494
58.png,21.9451,0.8332
580.png,18.4226,0.5856
581.png,17.1738,0.6244
582.png,22.3324,0.7773
583.png,24.3608,0.8827
584.png,26.2332,0.8929
585.png,22.7394,0.8744
586.png,22.7903,0.7933
587.png,23.9876,0.8474
588.png,19.591,0.7098
589.png,26.1663,0.831
59.png,22.4864,0.803
590.png,20.9878,0.6549
591.png,20.38,0.6891
592.png,24.6739,0.8639
593.png,25.1049,0.8955
594.png,25.1102,0.9107
595.png,23.8026,0.8446
596.png,26.6005,0.8956
597.png,17.3094,0.5854
598.png,25.5926,0.8736
599.png,23.7711,0.8628
6.png,17.3149,0.6433
60.png,19.4841,0.7907
600.png,17.9958,0.6442
601.png,25.2953,0.8492
602.png,29.9689,0.9125
603.png,21.6044,0.7707
604.png,29.1042,0.899
605.png,19.0297,0.8343
606.png,25.276,0.7825
607.png,24.2695,0.8117
608.png,21.5608,0.7847
609.png,23.7857,0.8269
61.png,26.3955,0.8431
610.png,24.4402,0.8487
611.png,26.561,0.9173
612.png,24.5312,0.922
613.png,25.8029,0.8081
614.png,23.2253,0.8291
615.png,28.3655,0.8519
616.png,19.8968,0.7351
617.png,21.6115,0.7299
618.png,27.2061,0.8875
619.png,24.7374,0.8776
62.png,19.1093,0.7471
620.png,22.0918,0.7754
621.png,22.567,0.8922
622.png,17.2169,0.4959
623.png,25.7693,0.8579
624.png,20.0576,0.7229
625.png,27.133,0.8595
626.png,26.4218,0.8023
627.png,20.9614,0.7913
628.png,22.0472,0.7833
629.png,21.4397,0.8063
63.png,28.0093,0.8748
630.png,22.0524,0.8484
631.png,24.3414,0.8509
632.png,20.825,0.7635
633.png,23.1251,0.8677
634.png,23.0867,0.8025
635.png,21.703,0.6411
636.png,16.9562,0.6675
637.png,24.9034,0.7998
638.png,25.2607,0.8379
639.png,18.3343,0.7039
64.png,27.6141,0.8457
640.png,21.243,0.7514
641.png,23.8846,0.829
642.png,23.1945,0.8088
643.png,24.4771,0.8302
644.png,27.0134,0.8491
645.png,20.6654,0.7392
646.png,17.9192,0.7566
647.png,23.4263,0.8681
648.png,26.5964,0.8767
649.png,28.5865,0.8953
65.png,22.88,0.8227
650.png,20.5719,0.6878
651.png,25.2643,0.8647
652.png,22.8423,0.7958
653.png,24.3047,0.8758
654.png,29.3998,0.9228
655.png,27.2185,0.8929
656.png,21.5745,0.8259
657.png,17.9894,0.6988
658.png,21.2455,0.7831
659.png,24.49,0.8909
66.png,24.802,0.897
660.png,23.2697,0.776
661.png,23.0317,0.684
662.png,27.1793,0.8927
663.png,20.2738,0.7608
664.png,19.7084,0.7907
665.png,18.5362,0.7846
666.png,25.265,0.8432
667.png,23.9295,0.9222
668.png,21.1023,0.7772
669.png,15.6155,0.4701
67.png,23.3563,0.7445
670.png,23.1408,0.8794
671.png,19.8966,0.6917
672.png,26.5264,0.8853
673.png,26.9577,0.9088
674.png,22.0933,0.8588
675.png,26.5708,0.8463
676.png,22.2726,0.8032
677.png,20.5117,0.7705
678.png,22.4334,0.8361
679.png,20.0326,0.7038
68.png,27.3184,0.8979
680.png,22.5526,0.8358
681.png,26.2791,0.8677
682.png,18.5403,0.6482
683.png,23.1795,0.7627
684.png,22.4128,0.7166
685.png,27.8631,0.9267
686.png,23.3897,0.8
687.png,20.2243,0.8044
688.png,20.0653,0.8107
689.png,21.4913,0.7892
69.png,23.1579,0.7893
690.png,22.5313,0.7772
691.png,23.9641,0.8556
692.png,26.0573,0.8382
693.png,25.5991,0.8683
694.png,23.872,0.8715
695.png,24.0196,0.844
696.png,22.6866,0.7862
697.png,24.1882,0.8824
698.png,20.1047,0.8402
699.png,19.1026,0.6569
7.png,23.1766,0.8516
70.png,24.6255,0.8952
700.png,21.504,0.7241
701.png,20.6562,0.6521
702.png,20.2657,0.7926
703.png,29.8393,0.9253
704.png,23.7574,0.8411
705.png,19.7081,0.7961
706.png,23.2996,0.8168
707.png,18.8622,0.7463
708.png,20.6279,0.7076
709.png,25.2517,0.8282
71.png,25.9096,0.7752
710.png,22.1116,0.8415
711.png,24.0204,0.7533
712.png,27.3229,0.9069
713.png,25.06,0.8359
714.png,24.9995,0.766
715.png,20.6041,0.7447
716.png,22.6087,0.8171
717.png,20.4604,0.7396
718.png,22.8704,0.8725
719.png,22.161,0.6638
72.png,21.1612,0.751
720.png,21.8535,0.7611
721.png,24.0041,0.8697
722.png,23.1207,0.7845
723.png,25.8421,0.828
724.png,22.3278,0.756
725.png,21.6966,0.792
726.png,17.9344,0.6649
727.png,27.0516,0.8149
728.png,27.5312,0.9049
729.png,28.7679,0.8666
73.png,25.3917,0.913
730.png,22.0047,0.7637
731.png,23.3177,0.8151
732.png,25.9912,0.7809
733.png,28.7959,0.891
734.png,29.0957,0.8856
735.png,20.8807,0.7216
736.png,25.3009,0.803
737.png,24.1968,0.8333
738.png,25.5163,0.9019
739.png,27.4001,0.7831
74.png,25.2511,0.8559
740.png,19.7144,0.8002
741.png,26.6631,0.8797
742.png,26.6026,0.8679
743.png,19.2821,0.6983
744.png,24.1815,0.7944
745.png,23.9282,0.765
746.png,24.7162,0.8486
747.png,24.8167,0.8317
748.png,23.5439,0.8659
749.png,24.3645,0.8695
75.png,24.9349,0.7721
750.png,22.1443,0.7459
751.png,16.6482,0.6744
752.png,23.4121,0.8502
753.png,28.6436,0.9294
754.png,23.9473,0.7987
755.png,27.9772,0.8899
756.png,22.0935,0.8421
757.png,22.4881,0.776
758.png,25.7602,0.885
759.png,29.828,0.9062
76.png,25.2528,0.8508
760.png,26.5288,0.8415
761.png,26.5768,0.8409
762.png,21.8128,0.783
763.png,25.9531,0.8907
764.png,24.3468,0.8086
765.png,21.033,0.8398
766.png,21.7674,0.7472
767.png,21.6524,0.8519
768.png,28.955,0.9243
769.png,24.143,0.8745
77.png,26.2827,0.8655
770.png,24.0096,0.7844
771.png,24.8947,0.9038
772.png,24.129,0.8822
773.png,25.05,0.8707
774.png,24.2838,0.7965
775.png,19.3386,0.8428
776.png,27.4627,0.8811
777.png,26.2528,0.8331
778.png,19.8847,0.7349
779.png,28.0765,0.8786
78.png,26.3623,0.7955
780.png,24.8614,0.9048
781.png,25.0149,0.8174
782.png,27.4665,0.8644
783.png,26.1095,0.875
784.png,21.9663,0.9311
785.png,24.8283,0.7669
786.png,27.3424,0.9008
787.png,27.4948,0.9297
788.png,18.1146,0.682
789.png,18.4153,0.628
79.png,18.176,0.6381
790.png,24.5715,0.8811
791.png,29.2866,0.8676
792.png,20.0042,0.8135
793.png,29.3362,0.86
794.png,21.907,0.8468
795.png,22.464,0.8022
796.png,18.5319,0.7257
797.png,23.4244,0.7907
798.png,24.1079,0.8331
799.png,23.4759,0.7891
8.png,28.6732,0.878
80.png,23.6927,0.8306
800.png,30.675,0.9094
801.png,23.3546,0.7551
802.png,27.3795,0.9177
803.png,23.2759,0.8322
804.png,25.4199,0.8725
805.png,25.9767,0.8697
806.png,23.0471,0.8664
807.png,23.6429,0.7949
808.png,23.4273,0.7761
809.png,23.0848,0.858
81.png,20.6721,0.7647
810.png,19.9108,0.8127
811.png,27.5018,0.883
812.png,29.5328,0.9122
813.png,25.2355,0.8945
814.png,20.5306,0.7445
815.png,25.8072,0.9189
816.png,26.4077,0.7971
817.png,24.7993,0.8205
818.png,23.6171,0.7859
819.png,25.9288,0.9365
82.png,22.1775,0.7736
820.png,22.1552,0.7495
821.png,24.1064,0.8872
822.png,26.7153,0.9181
823.png,24.6154,0.7759
824.png,23.1778,0.9342
825.png,25.265,0.8918
826.png,23.0735,0.7991
827.png,22.7942,0.871
828.png,20.3441,0.7345
829.png,23.4381,0.8868
83.png,22.8803,0.7888
830.png,22.131,0.8038
831.png,26.4674,0.8641
832.png,27.1984,0.9133
833.png,21.4443,0.7983
834.png,24.3963,0.7812
835.png,20.8987,0.7759
836.png,22.4885,0.8962
837.png,21.039,0.7322
838.png,28.1174,0.862
839.png,24.617,0.9011
84.png,27.9542,0.9105
840.png,21.6264,0.7693
841.png,23.556,0.8486
842.png,21.1473,0.8483
843.png,23.2384,0.8887
844.png,25.7294,0.8263
845.png,28.2888,0.8783
846.png,19.1267,0.772
847.png,22.2412,0.7751
848.png,23.2724,0.8861
849.png,21.1509,0.7325
85.png,18.8301,0.8164
850.png,23.5389,0.8634
851.png,23.474,0.7765
852.png,21.8843,0.8141
853.png,30.8289,0.8751
854.png,27.4042,0.8624
855.png,23.3249,0.8295
856.png,22.4787,0.7605
857.png,25.568,0.9001
858.png,20.1184,0.7415
859.png,21.3279,0.8
86.png,25.7142,0.8979
860.png,24.8597,0.9073
861.png,27.7576,0.8791
862.png,18.9884,0.7376
863.png,27.5512,0.8806
864.png,22.0776,0.8109
865.png,23.3179,0.7914
866.png,21.5832,0.7193
867.png,23.4324,0.8932
868.png,21.8459,0.7277
869.png,23.6771,0.7786
87.png,25.2625,0.8225
870.png,25.3081,0.9115
871.png,20.2289,0.7175
872.png,16.2436,0.4263
873.png,22.2104,0.7287
874.png,23.8243,0.7932
875.png,23.302,0.7451
876.png,30.3989,0.9289
877.png,28.2842,0.8746
878.png,19.7676,0.7149
879.png,28.4576,0.905
88.png,31.8955,0.9078
880.png,32.1639,0.9328
881.png,20.7048,0.7467
882.png,24.4699,0.881
883.png,18.8813,0.6154
884.png,22.3268,0.7916
885.png,16.7037,0.6752
886.png,22.7068,0.7873
887.png,24.4802,0.7629
888.png,22.896,0.8163
889.png,21.5781,0.8241
89.png,19.8693,0.7852
890.png,26.5223,0.9286
891.png,22.0289,0.8254
892.png,26.6634,0.8236
893.png,26.2269,0.8287
894.png,23.7217,0.8019
895.png,21.85,0.8322
896.png,23.6931,0.7515
897.png,21.5309,0.7144
898.png,22.5855,0.7912
899.png,24.085,0.7743
9.png,27.0469,0.9178
90.png,23.0023,0.8231
900.png,30.9493,0.8958
901.png,21.277,0.7856
902.png,21.4809,0.7907
903.png,23.5406,0.8446
904.png,25.4492,0.7997
905.png,25.9413,0.8998
906.png,23.0046,0.8036
907.png,16.6064,0.6264
908.png,26.6948,0.8365
909.png,26.2239,0.8718
91.png,22.4868,0.8236
910.png,25.8291,0.8595
911.png,18.7019,0.6704
912.png,27.795,0.8935
913.png,20.0249,0.6582
914.png,21.5488,0.7876
915.png,23.7467,0.8168
916.png,25.1636,0.8711
917.png,25.9551,0.8792
918.png,26.8993,0.8804
919.png,20.4858,0.7458
92.png,29.6751,0.8748
920.png,27.9348,0.8842
921.png,21.2972,0.8394
922.png,25.7772,0.8411
923.png,19.3826,0.7947
924.png,22.4598,0.8315
925.png,24.3449,0.8504
926.png,25.3857,0.8534
927.png,20.3739,0.8495
928.png,21.1473,0.7667
929.png,22.3898,0.8362
93.png,23.6236,0.7025
930.png,18.7486,0.7443
931.png,24.877,0.8743
932.png,24.4816,0.8523
933.png,23.5209,0.8875
934.png,25.3979,0.8384
935.png,25.6592,0.8407
936.png,28.8638,0.9078
937.png,26.5365,0.9091
938.png,25.2656,0.9074
939.png,23.9357,0.8595
94.png,23.2891,0.8265
940.png,24.5911,0.7886
941.png,25.5364,0.7972
942.png,30.2492,0.8938
943.png,20.9998,0.7878
944.png,27.4909,0.8475
945.png,23.7696,0.7221
946.png,24.983,0.8756
947.png,25.479,0.9091
948.png,23.5855,0.7943
949.png,23.9238,0.8772
95.png,22.6768,0.8519
950.png,21.3032,0.7161
951.png,19.768,0.6503
952.png,24.3791,0.8865
953.png,28.4077,0.8978
954.png,22.1717,0.8025
955.png,18.7586,0.643
956.png,23.8069,0.8765
957.png,26.879,0.8445
958.png,26.3982,0.8525
959.png,21.994,0.6895
96.png,22.9027,0.7924
960.png,21.1958,0.8786
961.png,26.0556,0.8866
962.png,23.4526,0.8603
963.png,26.6565,0.8363
964.png,20.7476,0.8071
965.png,32.8055,0.9623
966.png,27.8274,0.8942
967.png,24.861,0.825
968.png,22.9177,0.635
969.png,31.8212,0.9448
97.png,24.1188,0.8461
970.png,22.2538,0.9077
971.png,21.1571,0.8619
972.png,25.7377,0.9399
973.png,31.9673,0.9228
974.png,25.2802,0.8869
975.png,19.2443,0.8264
976.png,27.7501,0.8268
977.png,26.739,0.8446
978.png,20.4501,0.7728
979.png,23.2255,0.8227
98.png,22.9543,0.7994
980.png,24.9512,0.8094
981.png,19.1832,0.7368
982.png,21.3388,0.7406
983.png,24.8581,0.8812
984.png,15.8729,0.6357
985.png,20.596,0.7371
986.png,25.6149,0.8522
987.png,26.9728,0.8974
988.png,22.2466,0.8634
989.png,28.2549,0.8915
99.png,28.7645,0.8656
990.png,29.8327,0.9055
991.png,24.3884,0.8684
992.png,24.4323,0.864
993.png,23.2727,0.851
994.png,24.9352,0.8971
995.png,28.4732,0.864
996.png,25.0092,0.838
997.png,26.3985,0.9279
998.png,18.6521,0.7615
999.png,24.3399,0.8708
